[
  {
    "id": "hoodie-apex",
    "name": "Apex Hoodie",
    "short": "Premium heavyweight hoodie \u2014 limited run",
    "price": 4999,
    "image": "/images/hoodie.jpg",
    "type": "physical",
    "sku": "APX-HOOD-001",
    "inventory": 50
  },
  {
    "id": "tee-apex",
    "name": "Apex Tee",
    "short": "100% cotton tee \u2014 classic fit",
    "price": 2499,
    "image": "/images/tee.jpg",
    "type": "physical",
    "sku": "APX-TEE-001",
    "inventory": 200
  },
  {
    "id": "hat-apex",
    "name": "Apex Trucker Hat",
    "short": "Structured trucker with embroidered logo",
    "price": 1999,
    "image": "/images/hat.jpg",
    "type": "physical",
    "sku": "APX-HAT-001",
    "inventory": 120
  },
  {
    "id": "sticker-apex",
    "name": "Apex Sticker Pack",
    "short": "10-pack vinyl stickers",
    "price": 699,
    "image": "/images/stickers.jpg",
    "type": "physical",
    "sku": "APX-STK-001",
    "inventory": 500
  }
]